Petitioner-Section,Petitioner_SectionNodeId,Petitioner-SubSection,Petitioner_SubSectionNodeId,Petitioner-Question,Petitioner_QuestionNodeId,Petitioner_RepeatingQuestionGroup,RelationshipType,Beneficiary_RepeatingQuestionGroup,Beneficiary-Section,Beneficiary_SectionNodeId,Beneficiary-SubSection,Beneficiary_SubSectionNodeId,Beneficiary-Question,Beneficiary_QuestionNodeId
Name,Sec_2,Current Legal Name,SubSec_5,Given Name (First name),Q_32,FALSE,links,FALSE,Name,Sec_nameForBeneficiary,Current Legal Name,SubSec_currentLegalNameForBeneficiary,Given Name (First name),Q_1901
Name,Sec_2,Current Legal Name,SubSec_5,Middle Name (Do Not Abbreviate),Q_33,FALSE,links,FALSE,Name,Sec_nameForBeneficiary,Current Legal Name,SubSec_currentLegalNameForBeneficiary,Middle Name (Do Not Abbreviate),Q_1902
Name,Sec_2,Current Legal Name,SubSec_5,Family Name/Last Name/Surname,Q_34,FALSE,links,FALSE,Name,Sec_nameForBeneficiary,Current Legal Name,SubSec_currentLegalNameForBeneficiary,Family Name/Last Name/Surname,Q_1903
,,,,,,,,,,,,,,
Name,Sec_2,Other Names Used,SubSec_6,"Have you ever used another name for your Given Name (First Name), Middle Name (including maiden names), or Family Name/Last Name/Surname?",Q_35,FALSE,links,FALSE,Name,Sec_nameForBeneficiary,Other Names Used,SubSec_otherNamesUsedForBeneficiary,"Have you ever used another name for your Given Name (First Name), Middle Name (including maiden names), or Family Name/Last Name/Surname?",Q_1906
Name,Sec_2,Other Names Used,SubSec_6,"List any other Given Name used (e.g. Rich, Rick, Dick):",Q_37,TRUE,links,TRUE,Name,Sec_nameForBeneficiary,Other Names Used,SubSec_otherNamesUsedForBeneficiary,"List any other Given Name used (e.g. Rich, Rick, Dick):",Q_1908
Name,Sec_2,Other Names Used,SubSec_6,List any other Middle Name used:,Q_39,TRUE,links,TRUE,Name,Sec_nameForBeneficiary,Other Names Used,SubSec_otherNamesUsedForBeneficiary,List any other Middle Name used:,Q_1910
Name,Sec_2,Other Names Used,SubSec_6,"List any other Family Name/Last Name/Surname used (e.g. Smith II, Smith Jr.):",Q_41,TRUE,links,TRUE,Name,Sec_nameForBeneficiary,Other Names Used,SubSec_otherNamesUsedForBeneficiary,"List any other Family Name/Last Name/Surname used (e.g. Smith II, Smith Jr.):",Q_1912
,,,,,,,,,,,,,,
,,,,,,,,,,,,,,
,,,,,,,,,,,,,,
Address History,Sec_addressHistory,Current Physical Address,SubSec_currentPhysicalAddress,In what country is your current physical address?,Q_42,FALSE,links,FALSE,Address History,Sec_addressHistoryForBeneficiary,Current Physical Address,SubSec_currentPhysicalAddressForBeneficiary,In what country is your current physical address?,Q_2002
Address History,Sec_addressHistory,Current Physical Address,SubSec_currentPhysicalAddress,Street Number and Name,Q_43,FALSE,links,FALSE,Address History,Sec_addressHistoryForBeneficiary,Current Physical Address,SubSec_currentPhysicalAddressForBeneficiary,Street Number and Name,Q_2003
Address History,Sec_addressHistory,Current Physical Address,SubSec_currentPhysicalAddress,"Does your address have a secondary description (i.e. apartment, suite, or floor)?",Q_44,FALSE,links,FALSE,Address History,Sec_addressHistoryForBeneficiary,Current Physical Address,SubSec_currentPhysicalAddressForBeneficiary,"Does your address have a secondary description (i.e. apartment, suite, or floor)?",Q_2004
Address History,Sec_addressHistory,Current Physical Address,SubSec_currentPhysicalAddress,What is the secondary address description?,Q_45,FALSE,links,FALSE,Address History,Sec_addressHistoryForBeneficiary,Current Physical Address,SubSec_currentPhysicalAddressForBeneficiary,What is the secondary address description?,Q_2005
Address History,Sec_addressHistory,Current Physical Address,SubSec_currentPhysicalAddress,Apartment/Suite/Floor,Q_46,FALSE,links,FALSE,Address History,Sec_addressHistoryForBeneficiary,Current Physical Address,SubSec_currentPhysicalAddressForBeneficiary,Apartment/Suite/Floor,Q_2006
Address History,Sec_addressHistory,Current Physical Address,SubSec_currentPhysicalAddress,City/Town/Village,Q_47,FALSE,links,FALSE,Address History,Sec_addressHistoryForBeneficiary,Current Physical Address,SubSec_currentPhysicalAddressForBeneficiary,City/Town/Village,Q_2007
Address History,Sec_addressHistory,Current Physical Address,SubSec_currentPhysicalAddress,State,Q_48,FALSE,links,FALSE,Address History,Sec_addressHistoryForBeneficiary,Current Physical Address,SubSec_currentPhysicalAddressForBeneficiary,State,Q_2008
Address History,Sec_addressHistory,Current Physical Address,SubSec_currentPhysicalAddress,Province/State/Territory/Prefecture/Parish,Q_49,FALSE,links,FALSE,Address History,Sec_addressHistoryForBeneficiary,Current Physical Address,SubSec_currentPhysicalAddressForBeneficiary,Province/State/Territory/Prefecture/Parish,Q_2009
Address History,Sec_addressHistory,Current Physical Address,SubSec_currentPhysicalAddress,ZIP Code,Q_50,FALSE,links,FALSE,Address History,Sec_addressHistoryForBeneficiary,Current Physical Address,SubSec_currentPhysicalAddressForBeneficiary,ZIP Code,Q_2010
Address History,Sec_addressHistory,Current Physical Address,SubSec_currentPhysicalAddress,Postal Code,Q_51,FALSE,links,FALSE,Address History,Sec_addressHistoryForBeneficiary,Current Physical Address,SubSec_currentPhysicalAddressForBeneficiary,Postal Code,Q_2011
Address History,Sec_addressHistory,Current Physical Address,SubSec_currentPhysicalAddress,When did you move into this address?,Q_52,FALSE,links,FALSE,Address History,Sec_addressHistoryForBeneficiary,Current Physical Address,SubSec_currentPhysicalAddressForBeneficiary,When did you move into this address?,Q_2012
,,,,,,,,,,,,,,
Address History,Sec_addressHistory,Current Mailing Address,SubSec_currentMailingAddress,In Care of Name,Q_68,FALSE,links,FALSE,Address History,Sec_addressHistoryForBeneficiary,Current Mailing Address,SubSec_currentMailingAddressForBeneficiary,In Care of Name,Q_2017
Address History,Sec_addressHistory,Current Mailing Address,SubSec_currentMailingAddress,Is your current mailing address the same as your current physical address?,Q_69,FALSE,links,FALSE,Address History,Sec_addressHistoryForBeneficiary,Current Mailing Address,SubSec_currentMailingAddressForBeneficiary,Is your current mailing address the same as your current physical address?,Q_2015
Address History,Sec_addressHistory,Current Mailing Address,SubSec_currentMailingAddress,In what country is this current mailing address?,Q_70,FALSE,links,FALSE,Address History,Sec_addressHistoryForBeneficiary,Current Mailing Address,SubSec_currentMailingAddressForBeneficiary,Country,Q_2016
Address History,Sec_addressHistory,Current Mailing Address,SubSec_currentMailingAddress,Street Number and Name,Q_71,FALSE,links,FALSE,Address History,Sec_addressHistoryForBeneficiary,Current Mailing Address,SubSec_currentMailingAddressForBeneficiary,Street Number and Name,Q_2018
Address History,Sec_addressHistory,Current Mailing Address,SubSec_currentMailingAddress,"Does your address have a secondary description (i.e. apartment, suite, or floor)?",Q_72,FALSE,links,FALSE,Address History,Sec_addressHistoryForBeneficiary,Current Mailing Address,SubSec_currentMailingAddressForBeneficiary,"Does your address have a secondary description (i.e. apartment, suite, or floor)?",Q_2019
Address History,Sec_addressHistory,Current Mailing Address,SubSec_currentMailingAddress,What is the secondary address description?,Q_73,FALSE,links,FALSE,Address History,Sec_addressHistoryForBeneficiary,Current Mailing Address,SubSec_currentMailingAddressForBeneficiary,What is the secondary address description?,Q_2020
Address History,Sec_addressHistory,Current Mailing Address,SubSec_currentMailingAddress,Apartment/Suite/Floor,Q_74,FALSE,links,FALSE,Address History,Sec_addressHistoryForBeneficiary,Current Mailing Address,SubSec_currentMailingAddressForBeneficiary,Apartment/Suite/Floor,Q_2021
Address History,Sec_addressHistory,Current Mailing Address,SubSec_currentMailingAddress,City/Town/Village,Q_75,FALSE,links,FALSE,Address History,Sec_addressHistoryForBeneficiary,Current Mailing Address,SubSec_currentMailingAddressForBeneficiary,City/Town/Village,Q_2022
Address History,Sec_addressHistory,Current Mailing Address,SubSec_currentMailingAddress,State,Q_76,FALSE,links,FALSE,Address History,Sec_addressHistoryForBeneficiary,Current Mailing Address,SubSec_currentMailingAddressForBeneficiary,State,Q_2023
Address History,Sec_addressHistory,Current Mailing Address,SubSec_currentMailingAddress,Province/State/Territory/Prefecture/Parish,Q_77,FALSE,links,FALSE,Address History,Sec_addressHistoryForBeneficiary,Current Mailing Address,SubSec_currentMailingAddressForBeneficiary,Province/State/Territory/Prefecture/Parish,Q_2024
Address History,Sec_addressHistory,Current Mailing Address,SubSec_currentMailingAddress,ZIP Code,Q_78,FALSE,links,FALSE,Address History,Sec_addressHistoryForBeneficiary,Current Mailing Address,SubSec_currentMailingAddressForBeneficiary,ZIP Code,Q_2025
Address History,Sec_addressHistory,Current Mailing Address,SubSec_currentMailingAddress,Postal Code,Q_79,FALSE,links,FALSE,Address History,Sec_addressHistoryForBeneficiary,Current Mailing Address,SubSec_currentMailingAddressForBeneficiary,Postal Code,Q_2026
,,,,,,,,,,,,,,
Address History,Sec_addressHistory,Previous Physical Address(es) within 5 Years,SubSec_previousPhysicalAddress,In what country was this previous physical address?,Q_54,TRUE,links,TRUE,Address History,Sec_addressHistoryForBeneficiary,Previous Physical Addresses,SubSec_previousPhysicalAddressForBeneficiary,In what country was this previous physical address?,Q_2040
Address History,Sec_addressHistory,Previous Physical Address(es) within 5 Years,SubSec_previousPhysicalAddress,Street Number and Name,Q_55,TRUE,links,TRUE,Address History,Sec_addressHistoryForBeneficiary,Previous Physical Addresses,SubSec_previousPhysicalAddressForBeneficiary,Street Number and Name,Q_2041
Address History,Sec_addressHistory,Previous Physical Address(es) within 5 Years,SubSec_previousPhysicalAddress,"Does your address have a secondary description (i.e. apartment, suite, or floor)?",Q_56,TRUE,links,TRUE,Address History,Sec_addressHistoryForBeneficiary,Previous Physical Addresses,SubSec_previousPhysicalAddressForBeneficiary,"Does your address have a secondary description (i.e. apartment, suite, or floor)?",Q_2042
Address History,Sec_addressHistory,Previous Physical Address(es) within 5 Years,SubSec_previousPhysicalAddress,What is the secondary address description?,Q_57,TRUE,links,TRUE,Address History,Sec_addressHistoryForBeneficiary,Previous Physical Addresses,SubSec_previousPhysicalAddressForBeneficiary,What is the secondary address description?,Q_2043
Address History,Sec_addressHistory,Previous Physical Address(es) within 5 Years,SubSec_previousPhysicalAddress,Apartment/Suite/Floor,Q_58,TRUE,links,TRUE,Address History,Sec_addressHistoryForBeneficiary,Previous Physical Addresses,SubSec_previousPhysicalAddressForBeneficiary,Apartment/Suite/Floor Help,Q_2044
Address History,Sec_addressHistory,Previous Physical Address(es) within 5 Years,SubSec_previousPhysicalAddress,City/Town/Village,Q_59,TRUE,links,TRUE,Address History,Sec_addressHistoryForBeneficiary,Previous Physical Addresses,SubSec_previousPhysicalAddressForBeneficiary,City/Town/Village,Q_2045
Address History,Sec_addressHistory,Previous Physical Address(es) within 5 Years,SubSec_previousPhysicalAddress,State,Q_60,TRUE,links,TRUE,Address History,Sec_addressHistoryForBeneficiary,Previous Physical Addresses,SubSec_previousPhysicalAddressForBeneficiary,State,Q_2046
Address History,Sec_addressHistory,Previous Physical Address(es) within 5 Years,SubSec_previousPhysicalAddress,Province/State/Territory/Prefecture/Parish,Q_61,TRUE,links,TRUE,Address History,Sec_addressHistoryForBeneficiary,Previous Physical Addresses,SubSec_previousPhysicalAddressForBeneficiary,Province/Territory/Prefecture/Parish,Q_2047
Address History,Sec_addressHistory,Previous Physical Address(es) within 5 Years,SubSec_previousPhysicalAddress,ZIP Code,Q_62,TRUE,links,TRUE,Address History,Sec_addressHistoryForBeneficiary,Previous Physical Addresses,SubSec_previousPhysicalAddressForBeneficiary,ZIP Code,Q_2048
Address History,Sec_addressHistory,Previous Physical Address(es) within 5 Years,SubSec_previousPhysicalAddress,Postal Code,Q_63,TRUE,links,TRUE,Address History,Sec_addressHistoryForBeneficiary,Previous Physical Addresses,SubSec_previousPhysicalAddressForBeneficiary,Postal Code,Q_2049
Address History,Sec_addressHistory,Previous Physical Address(es) within 5 Years,SubSec_previousPhysicalAddress,When did you move into this address?,Q_64,TRUE,links,TRUE,Address History,Sec_addressHistoryForBeneficiary,Previous Physical Addresses,SubSec_previousPhysicalAddressForBeneficiary,When did you move into this address?,Q_2050
Address History,Sec_addressHistory,Previous Physical Address(es) within 5 Years,SubSec_previousPhysicalAddress,When did you move out of this address?,Q_65,TRUE,links,TRUE,Address History,Sec_addressHistoryForBeneficiary,Previous Physical Addresses,SubSec_previousPhysicalAddressForBeneficiary,When did you move out of this address?,Q_2052
,,,,,,,,,,,,,,
,,,,,,,,,,,,,,
,,,,,,,,,,,,,,
Contact Information,Sec_contactInformation,Mobile Phone Number,SubSec_mobilePhoneNumber,Country,Q_80,FALSE,links,FALSE,Contact Information,Sec_contactInformationForBeneficiary,Mobile Phone Number,SubSec_mobilePhoneNumberForBeneficiary,Country,Q_2151
Contact Information,Sec_contactInformation,Mobile Phone Number,SubSec_mobilePhoneNumber,Phone Number (Including Area Code),Q_81,FALSE,links,FALSE,Contact Information,Sec_contactInformationForBeneficiary,Mobile Phone Number,SubSec_mobilePhoneNumberForBeneficiary,Phone Number (Including Area Code),Q_2152
,,,,,,,,,,,,,,
Contact Information,Sec_contactInformation,Office Phone Number,SubSec_officePhoneNumber,Country,Q_84,FALSE,links,FALSE,Contact Information,Sec_contactInformationForBeneficiary,Office Phone Number,SubSec_officePhoneNumberForBeneficiary,Country,Q_2156
Contact Information,Sec_contactInformation,Office Phone Number,SubSec_officePhoneNumber,Phone Number (Including Area Code),Q_85,FALSE,links,FALSE,Contact Information,Sec_contactInformationForBeneficiary,Office Phone Number,SubSec_officePhoneNumberForBeneficiary,Phone Number (Including Area Code),Q_2157
,,,,,,,,,,,,,,
Contact Information,Sec_contactInformation,email,SubSec_email,email address,Q_86,FALSE,links,FALSE,Contact Information,Sec_contactInformationForBeneficiary,email,SubSec_emailForBeneficiary,email address,Q_2158
,,,,,,,,,,,,,,
,,,,,,,,,,,,,,
,,,,,,,,,,,,,,
Birth Information,Sec_birthInformation,Birth Information,SubSec_birthInformation,Gender,Q_87,FALSE,links,FALSE,Birth Information,Sec_birthInformationForBeneficiary,Birth Information,SubSec_birthInformationForBeneficiary,Gender,Q_2201
Birth Information,Sec_birthInformation,Birth Information,SubSec_birthInformation,Date of Birth,Q_88,FALSE,links,FALSE,Birth Information,Sec_birthInformationForBeneficiary,Birth Information,SubSec_birthInformationForBeneficiary,Date of Birth,Q_2202
Birth Information,Sec_birthInformation,Birth Information,SubSec_birthInformation,Country of Birth,Q_89,FALSE,links,FALSE,Birth Information,Sec_birthInformationForBeneficiary,Birth Information,SubSec_birthInformationForBeneficiary,Country of Birth,Q_2203
Birth Information,Sec_birthInformation,Birth Information,SubSec_birthInformation,City/Town/Village,Q_90,FALSE,links,FALSE,Birth Information,Sec_birthInformationForBeneficiary,Birth Information,SubSec_birthInformationForBeneficiary,City/Town/Village,Q_2205
Birth Information,Sec_birthInformation,Birth Information,SubSec_birthInformation,Province/State/Territory/Prefecture/Parish,Q_92,FALSE,links,FALSE,Birth Information,Sec_birthInformationForBeneficiary,Birth Information,SubSec_birthInformationForBeneficiary,Province/State/Territory/Prefecture/Parish,Q_2204
Birth Information,Sec_birthInformation,Birth Information,SubSec_birthInformation,Postal Code,Q_94,FALSE,links,FALSE,Birth Information,Sec_birthInformationForBeneficiary,Birth Information,SubSec_birthInformationForBeneficiary,Postal Code,Q_2206
,,,,,,,,,,,,,,
,,,,,,,,,,,,,,
,,,,,,,,,,,,,,
Biographic Information,Sec_biographicInformation,Ethnicity (Select only one box),SubSec_ethnicity,Please select your ethnicity (You race will be asked in a subsequent question):,Q_95,FALSE,links,FALSE,Biographic Information,Sec_biographicInformationForBeneficiary,Ethnicity (Select only one box),SubSec_ethnicityForBeneficiary,Please select your ethnicity (You race will be asked in a subsequent question):,Q_2301
,,,,,,,,,,,,,,
Biographic Information,Sec_biographicInformation,Race (Select all applicable boxes). Select all of the following races (including partial) that apply to you:,SubSec_race,Are you White?,Q_96,FALSE,links,FALSE,Biographic Information,Sec_biographicInformationForBeneficiary,Race (Select all applicable boxes),SubSec_raceForBeneficiary,Are you White?,Q_2303
Biographic Information,Sec_biographicInformation,Race (Select all applicable boxes). Select all of the following races (including partial) that apply to you:,SubSec_race,Are you Asian?,Q_97,FALSE,links,FALSE,Biographic Information,Sec_biographicInformationForBeneficiary,Race (Select all applicable boxes),SubSec_raceForBeneficiary,Are you Asian?,Q_2304
Biographic Information,Sec_biographicInformation,Race (Select all applicable boxes). Select all of the following races (including partial) that apply to you:,SubSec_race,Are you Black or African American?,Q_98,FALSE,links,FALSE,Biographic Information,Sec_biographicInformationForBeneficiary,Race (Select all applicable boxes),SubSec_raceForBeneficiary,Are you Black or African American?,Q_2305
Biographic Information,Sec_biographicInformation,Race (Select all applicable boxes). Select all of the following races (including partial) that apply to you:,SubSec_race,Are you American Indian or Alaska Native?,Q_99,FALSE,links,FALSE,Biographic Information,Sec_biographicInformationForBeneficiary,Race (Select all applicable boxes),SubSec_raceForBeneficiary,Are you American Indian or Alaska Native?,Q_2306
Biographic Information,Sec_biographicInformation,Race (Select all applicable boxes). Select all of the following races (including partial) that apply to you:,SubSec_race,Are you Native Hawaiin or Other Pacific Islander?,Q_100,FALSE,links,FALSE,Biographic Information,Sec_biographicInformationForBeneficiary,Race (Select all applicable boxes),SubSec_raceForBeneficiary,Are you Native Hawaiin or Other Pacific Islander?,Q_2307
,,,,,,,,,,,,,,
Biographic Information,Sec_biographicInformation,Height,SubSec_height,What units of measure do you use?,Q_101,FALSE,links,FALSE,Biographic Information,Sec_biographicInformationForBeneficiary,Height,SubSec_heightForBeneficiary,What units of measure do you use?,Q_2309
Biographic Information,Sec_biographicInformation,Height,SubSec_height,Centimeters,Q_102,FALSE,links,FALSE,Biographic Information,Sec_biographicInformationForBeneficiary,Height,SubSec_heightForBeneficiary,Centimeters,Q_2312
Biographic Information,Sec_biographicInformation,Height,SubSec_height,Feet,Q_103,FALSE,links,FALSE,Biographic Information,Sec_biographicInformationForBeneficiary,Height,SubSec_heightForBeneficiary,Feet,Q_2310
Biographic Information,Sec_biographicInformation,Height,SubSec_height,Inches,Q_104,FALSE,links,FALSE,Biographic Information,Sec_biographicInformationForBeneficiary,Height,SubSec_heightForBeneficiary,Inches,Q_2311
,,,,,,,,,,,,,,
Biographic Information,Sec_biographicInformation,Weight,SubSec_weight,What units of measure do you use?,Q_105,FALSE,links,FALSE,Biographic Information,Sec_biographicInformationForBeneficiary,Weight,SubSec_weightForBeneficiary,What units of measure do you use?,Q_2314
Biographic Information,Sec_biographicInformation,Weight,SubSec_weight,What is your weight?,Q_106,FALSE,links,FALSE,Biographic Information,Sec_biographicInformationForBeneficiary,Weight,SubSec_weightForBeneficiary,What is your weight?,Q_2315
Biographic Information,Sec_biographicInformation,Weight,SubSec_weight,What is your weight?,Q_6009,FALSE,links,FALSE,Biographic Information,Sec_biographicInformationForBeneficiary,Weight,SubSec_weightForBeneficiary,What is your weight?,Q_6010
,,,,,,,,,,,,,,
Biographic Information,Sec_biographicInformation,Eye Color,SubSec_eyeColor,What is your eye color?,Q_107,FALSE,links,FALSE,Biographic Information,Sec_biographicInformationForBeneficiary,Eye Color,SubSec_eyeColorForBeneficiary,What is your eye color?,Q_2317
,,,,,,,,,,,,,,
Biographic Information,Sec_biographicInformation,Hair Color,SubSec_hairColor,What is the color of your hair?,Q_108,FALSE,links,FALSE,Biographic Information,Sec_biographicInformationForBeneficiary,Hair Color,SubSec_hairColorForBeneficiary,What is the color of your hair?,Q_2319
,,,,,,,,,,,,,,
,,,,,,,,,,,,,,
,,,,,,,,,,,,,,
Employment History,Sec_employmentHistory,Employment Status,SubSec_employmentStatus,What is your current employment status?,Q_1008,TRUE,links,TRUE,Employment History,Sec_employmentHistoryForBeneficiary,Employment Status,SubSec_employmentStatusForBeneficiary,What is your current employment status?,Q_2608
Employment History,Sec_employmentHistory,Employment Status,SubSec_employmentStatus,What was the date you became unemployed?,Q_1009,TRUE,links,TRUE,Employment History,Sec_employmentHistoryForBeneficiary,Employment Status,SubSec_employmentStatusForBeneficiary,What was the date you became unemployed?,Q_2609
Employment History,Sec_employmentHistory,Employment Status,SubSec_employmentStatus,What was the last date of your unemployment?,Q_1010,TRUE,links,TRUE,Employment History,Sec_employmentHistoryForBeneficiary,Employment Status,SubSec_employmentStatusForBeneficiary,What was the last date of your unemployment?,Q_2610
Employment History,Sec_employmentHistory,Employment Status,SubSec_employmentStatus,What was the date of your retirement?,Q_1011,TRUE,links,TRUE,Employment History,Sec_employmentHistoryForBeneficiary,Employment Status,SubSec_employmentStatusForBeneficiary,What was the date of your retirement?,Q_2611
Employment History,Sec_employmentHistory,Employment Status,SubSec_employmentStatus,What was the last date of your retirement?,Q_1012,TRUE,links,TRUE,Employment History,Sec_employmentHistoryForBeneficiary,Employment Status,SubSec_employmentStatusForBeneficiary,What was the last date of your retirement?,Q_2612
Employment History,Sec_employmentHistory,Employment Status,SubSec_employmentStatus,Are you self-employed?,Q_1013,TRUE,links,TRUE,Employment History,Sec_employmentHistoryForBeneficiary,Employment Status,SubSec_employmentStatusForBeneficiary,Are you self-employed?,Q_2613
Employment History,Sec_employmentHistory,Employment Status,SubSec_employmentStatus,What date did you begin working for this employer?,Q_1014,TRUE,links,TRUE,Employment History,Sec_employmentHistoryForBeneficiary,Employment Status,SubSec_employmentStatusForBeneficiary,What date did you begin working for this employer?,Q_2614
Employment History,Sec_employmentHistory,Employment Status,SubSec_employmentStatus,Are you still working at this employer?,Q_1015,TRUE,links,TRUE,Employment History,Sec_employmentHistoryForBeneficiary,Employment Status,SubSec_employmentStatusForBeneficiary,Are you still working at this employer?,Q_2615
Employment History,Sec_employmentHistory,Employment Status,SubSec_employmentStatus,When did this employment end for this employer?,Q_1016,TRUE,links,TRUE,Employment History,Sec_employmentHistoryForBeneficiary,Employment Status,SubSec_employmentStatusForBeneficiary,When did this employment end for this employer?,Q_2616
Employment History,Sec_employmentHistory,Employment Status,SubSec_employmentStatus,When did this employment end for this employer?,Q_1017,TRUE,links,TRUE,Employment History,Sec_employmentHistoryForBeneficiary,Employment Status,SubSec_employmentStatusForBeneficiary,When did this employment end for this employer?,Q_2617
Employment History,Sec_employmentHistory,Employment Status,SubSec_employmentStatus,In what country is this employer located?,Q_1018,TRUE,links,TRUE,Employment History,Sec_employmentHistoryForBeneficiary,Employment Status,SubSec_employmentStatusForBeneficiary,In what country is this employer located?,Q_2618
Employment History,Sec_employmentHistory,Employment Status,SubSec_employmentStatus,What is the full name of this employer?,Q_1019,TRUE,links,TRUE,Employment History,Sec_employmentHistoryForBeneficiary,Employment Status,SubSec_employmentStatusForBeneficiary,What is the full name of this employer?,Q_2619
Employment History,Sec_employmentHistory,Employment Status,SubSec_employmentStatus,Street Number and Name,Q_1020,TRUE,links,TRUE,Employment History,Sec_employmentHistoryForBeneficiary,Employment Status,SubSec_employmentStatusForBeneficiary,Street Number and Name,Q_2620
Employment History,Sec_employmentHistory,Employment Status,SubSec_employmentStatus,"Does that address have a secondary description (i.e. apartment, suite, or floor)?",Q_1021,TRUE,links,TRUE,Employment History,Sec_employmentHistoryForBeneficiary,Employment Status,SubSec_employmentStatusForBeneficiary,"Does that address have a secondary description (i.e. apartment, suite, or floor)?",Q_2621
Employment History,Sec_employmentHistory,Employment Status,SubSec_employmentStatus,What is the secondary address description?,Q_1022,TRUE,links,TRUE,Employment History,Sec_employmentHistoryForBeneficiary,Employment Status,SubSec_employmentStatusForBeneficiary,What is the secondary address description?,Q_2622
Employment History,Sec_employmentHistory,Employment Status,SubSec_employmentStatus,Apartment/Suite/Floor,Q_1023,TRUE,links,TRUE,Employment History,Sec_employmentHistoryForBeneficiary,Employment Status,SubSec_employmentStatusForBeneficiary,Apartment/Suite/Floor,Q_2623
Employment History,Sec_employmentHistory,Employment Status,SubSec_employmentStatus,City/Town/Village,Q_1024,TRUE,links,TRUE,Employment History,Sec_employmentHistoryForBeneficiary,Employment Status,SubSec_employmentStatusForBeneficiary,City/Town/Village,Q_2624
Employment History,Sec_employmentHistory,Employment Status,SubSec_employmentStatus,State,Q_1025,TRUE,links,TRUE,Employment History,Sec_employmentHistoryForBeneficiary,Employment Status,SubSec_employmentStatusForBeneficiary,State,Q_2625
Employment History,Sec_employmentHistory,Employment Status,SubSec_employmentStatus,Province/State/Territory/Prefecture/Parish,Q_1026,TRUE,links,TRUE,Employment History,Sec_employmentHistoryForBeneficiary,Employment Status,SubSec_employmentStatusForBeneficiary,Province/State/Territory/Prefecture/Parish,Q_2626
Employment History,Sec_employmentHistory,Employment Status,SubSec_employmentStatus,ZIP Code,Q_1027,TRUE,links,TRUE,Employment History,Sec_employmentHistoryForBeneficiary,Employment Status,SubSec_employmentStatusForBeneficiary,ZIP Code,Q_2627
Employment History,Sec_employmentHistory,Employment Status,SubSec_employmentStatus,Postal Code,Q_1028,TRUE,links,TRUE,Employment History,Sec_employmentHistoryForBeneficiary,Employment Status,SubSec_employmentStatusForBeneficiary,Postal Code,Q_2628
Employment History,Sec_employmentHistory,Employment Status,SubSec_employmentStatus,What is your occupation at this employer?,Q_1029,TRUE,links,TRUE,Employment History,Sec_employmentHistoryForBeneficiary,Employment Status,SubSec_employmentStatusForBeneficiary,What is your occupation at this employer?,Q_2629
,,,,,,,,,,,,,,
,,,,,,,,,,,,,,
,,,,,,,,,,,,,,
Family Information,Sec_familyInformation,Marital Status,SubSec_maritalStatus,Have you ever been married?,Q_1201,FALSE,links,FALSE,Family Information,Sec_familyInformationForBeneficiary,Marital Status,SubSec_maritalStatusForBeneficiary,Have you ever been married?,Q_2778
Family Information,Sec_familyInformation,Marital Status,SubSec_maritalStatus,How many times have you been married?,Q_1202,FALSE,links,FALSE,Family Information,Sec_familyInformationForBeneficiary,Marital Status,SubSec_maritalStatusForBeneficiary,How many times have you been married?,Q_2779
Family Information,Sec_familyInformation,Marital Status,SubSec_maritalStatus,Was your most recent marriage annulled?,Q_1203,FALSE,links,FALSE,Family Information,Sec_familyInformationForBeneficiary,Marital Status,SubSec_maritalStatusForBeneficiary,Was your most recent marriage annulled?,Q_2780
Family Information,Sec_familyInformation,Marital Status,SubSec_maritalStatus,What is your current marital status?,Q_1204,FALSE,links,FALSE,Family Information,Sec_familyInformationForBeneficiary,Marital Status,SubSec_maritalStatusForBeneficiary,What is your current marital status?,Q_2781
,,,,,,,,,,,,,,
,,,,,,,,,,,,,,
Family Information,Sec_familyInformation,Current Spouse,SubSec_currentSpouse,Given Name (First name),Q_1206,FALSE,links,FALSE,Family Information,Sec_familyInformationForBeneficiary,Current Spouse,SubSec_currentSpouseForBeneficiary,Given Name (First name),Q_2789
Family Information,Sec_familyInformation,Current Spouse,SubSec_currentSpouse,Middle Name (Do Not Abbreviate),Q_1207,FALSE,links,FALSE,Family Information,Sec_familyInformationForBeneficiary,Current Spouse,SubSec_currentSpouseForBeneficiary,Middle Name (Do Not Abbreviate),Q_2790
Family Information,Sec_familyInformation,Current Spouse,SubSec_currentSpouse,Family Name/Last Name/Surname,Q_1208,FALSE,links,FALSE,Family Information,Sec_familyInformationForBeneficiary,Current Spouse,SubSec_currentSpouseForBeneficiary,Family Name/Last Name/Surname,Q_2791
Family Information,Sec_familyInformation,Current Spouse,SubSec_currentSpouse,Date of Marriage,Q_1209,FALSE,links,FALSE,Family Information,Sec_familyInformationForBeneficiary,Current Spouse,SubSec_currentSpouseForBeneficiary,Date of Marriage,Q_2801
Family Information,Sec_familyInformation,Current Spouse,SubSec_currentSpouse,In what country did this marriage take place?,Q_1210,FALSE,links,FALSE,Family Information,Sec_familyInformationForBeneficiary,Current Spouse,SubSec_currentSpouseForBeneficiary,In what country did this marriage take place?,Q_2804
Family Information,Sec_familyInformation,Current Spouse,SubSec_currentSpouse,In what City/Town/Village did this marriage take place?,Q_1215,FALSE,links,FALSE,Family Information,Sec_familyInformationForBeneficiary,Current Spouse,SubSec_currentSpouseForBeneficiary,In what city/town/village did this marriage take place?,Q_2805
Family Information,Sec_familyInformation,Current Spouse,SubSec_currentSpouse,In what State did your marriage take place?,Q_1216,FALSE,links,FALSE,Family Information,Sec_familyInformationForBeneficiary,Current Spouse,SubSec_currentSpouseForBeneficiary,In what state did this marriage take place?,Q_2806
Family Information,Sec_familyInformation,Current Spouse,SubSec_currentSpouse,In what Province/State/Territory/Prefecture/Parish did your marriage take place?,Q_1217,FALSE,links,FALSE,Family Information,Sec_familyInformationForBeneficiary,Current Spouse,SubSec_currentSpouseForBeneficiary,In what province did this marriage take place?,Q_2807
Family Information,Sec_familyInformation,Current Spouse,SubSec_currentSpouse,Were you married previously?,Q_1220,FALSE,links,FALSE,Family Information,Sec_familyInformationForBeneficiary,Marital Status,SubSec_maritalStatusForBeneficiary,Do you have any previous marriages?,Q_2783
,,,,,,,,,,,,,,
Family Information,Sec_familyInformation,Prior Spouses,SubSec_priorSpouses,Given Name (First name),Q_1222,TRUE,links,TRUE,Family Information,Sec_familyInformationForBeneficiary,Prior Spouses,SubSec_priorSpousesForBeneficiary,Given Name (First name),Q_2840
Family Information,Sec_familyInformation,Prior Spouses,SubSec_priorSpouses,Middle Name (Do Not Abbreviate),Q_1223,TRUE,links,TRUE,Family Information,Sec_familyInformationForBeneficiary,Prior Spouses,SubSec_priorSpousesForBeneficiary,Middle Name (Do Not Abbreviate),Q_2841
Family Information,Sec_familyInformation,Prior Spouses,SubSec_priorSpouses,Family Name/Last Name/Surname,Q_1224,TRUE,links,TRUE,Family Information,Sec_familyInformationForBeneficiary,Prior Spouses,SubSec_priorSpousesForBeneficiary,Family Name/Last Name/Surname,Q_2842
Family Information,Sec_familyInformation,Prior Spouses,SubSec_priorSpouses,How did this marriage end?,Q_1225,TRUE,links,TRUE,Family Information,Sec_familyInformationForBeneficiary,Prior Spouses,SubSec_priorSpousesForBeneficiary,How did this marriage end?,Q_2844
Family Information,Sec_familyInformation,Prior Spouses,SubSec_priorSpouses,Date of death of this spouse as listed on death certificate,Q_1226,TRUE,links,TRUE,Family Information,Sec_familyInformationForBeneficiary,Prior Spouses,SubSec_priorSpousesForBeneficiary,Date of death of this spouse as listed on death certificate,Q_2849
Family Information,Sec_familyInformation,Prior Spouses,SubSec_priorSpouses,Date of Marriage,Q_1227,TRUE,links,TRUE,Family Information,Sec_familyInformationForBeneficiary,Prior Spouses,SubSec_priorSpousesForBeneficiary,Date of Marriage,Q_2850
Family Information,Sec_familyInformation,Prior Spouses,SubSec_priorSpouses,Date Marriage Ended,Q_1228,TRUE,links,TRUE,Family Information,Sec_familyInformationForBeneficiary,Prior Spouses,SubSec_priorSpousesForBeneficiary,Date Marriage Ended,Q_2851
,,,,,,,,,,,,,,
Family Information,Sec_familyInformation,Parent 1,SubSec_parent1,Given Name (First name),Q_1230,FALSE,links,FALSE,Family Information,Sec_familyInformationForBeneficiary,Parent 1,SubSec_parent1ForBeneficiary,Given Name (First name),Q_2883
Family Information,Sec_familyInformation,Parent 1,SubSec_parent1,Middle Name (Do Not Abbreviate),Q_1231,FALSE,links,FALSE,Family Information,Sec_familyInformationForBeneficiary,Parent 1,SubSec_parent1ForBeneficiary,Middle Name (Do Not Abbreviate),Q_2884
Family Information,Sec_familyInformation,Parent 1,SubSec_parent1,Family Name/Last Name/Surname,Q_1232,FALSE,links,FALSE,Family Information,Sec_familyInformationForBeneficiary,Parent 1,SubSec_parent1ForBeneficiary,Family Name/Last Name/Surname,Q_2885
Family Information,Sec_familyInformation,Parent 1,SubSec_parent1,Gender,Q_1233,FALSE,links,FALSE,Family Information,Sec_familyInformationForBeneficiary,Parent 1,SubSec_parent1ForBeneficiary,Gender,Q_2889
Family Information,Sec_familyInformation,Parent 1,SubSec_parent1,Country of Birth,Q_1234,FALSE,links,FALSE,Family Information,Sec_familyInformationForBeneficiary,Parent 1,SubSec_parent1ForBeneficiary,Country of Birth,Q_2890
Family Information,Sec_familyInformation,Parent 1,SubSec_parent1,City/Town/Village of Birth,Q_1235,FALSE,links,FALSE,Family Information,Sec_familyInformationForBeneficiary,Parent 1,SubSec_parent1ForBeneficiary,City/Town/Village of Birth,Q_2891
Family Information,Sec_familyInformation,Parent 1,SubSec_parent1,Date of Birth,Q_1236,FALSE,links,FALSE,Family Information,Sec_familyInformationForBeneficiary,Parent 1,SubSec_parent1ForBeneficiary,Date of Birth,Q_2892
Family Information,Sec_familyInformation,Parent 1,SubSec_parent1,Current City/Town/Village of Residence,Q_1237,FALSE,links,FALSE,Family Information,Sec_familyInformationForBeneficiary,Parent 1,SubSec_parent1ForBeneficiary,Current City/Town/Village of Residence,Q_2893
Family Information,Sec_familyInformation,Parent 1,SubSec_parent1,Current Country of Residence,Q_1238,FALSE,links,FALSE,Family Information,Sec_familyInformationForBeneficiary,Parent 1,SubSec_parent1ForBeneficiary,Current Country of Residence,Q_2894
,,,,,,,,,,,,,,
Family Information,Sec_familyInformation,Parent 2,SubSec_parent2,Given Name (First name),Q_1240,FALSE,links,FALSE,Family Information,Sec_familyInformationForBeneficiary,Parent 2,SubSec_parent2ForBeneficiary,Given Name (First name),Q_2901
Family Information,Sec_familyInformation,Parent 2,SubSec_parent2,Middle Name (Do Not Abbreviate),Q_1241,FALSE,links,FALSE,Family Information,Sec_familyInformationForBeneficiary,Parent 2,SubSec_parent2ForBeneficiary,Middle Name (Do Not Abbreviate),Q_2902
Family Information,Sec_familyInformation,Parent 2,SubSec_parent2,Family Name/Last Name/Surname,Q_1242,FALSE,links,FALSE,Family Information,Sec_familyInformationForBeneficiary,Parent 2,SubSec_parent2ForBeneficiary,Family Name/Last Name/Surname,Q_2903
Family Information,Sec_familyInformation,Parent 2,SubSec_parent2,Gender,Q_1243,FALSE,links,FALSE,Family Information,Sec_familyInformationForBeneficiary,Parent 2,SubSec_parent2ForBeneficiary,Gender,Q_2907
Family Information,Sec_familyInformation,Parent 2,SubSec_parent2,Country of Birth,Q_1244,FALSE,links,FALSE,Family Information,Sec_familyInformationForBeneficiary,Parent 2,SubSec_parent2ForBeneficiary,Country of Birth,Q_2908
Family Information,Sec_familyInformation,Parent 2,SubSec_parent2,City/Town/Village of Birth,Q_1245,FALSE,links,FALSE,Family Information,Sec_familyInformationForBeneficiary,Parent 2,SubSec_parent2ForBeneficiary,City/Town/Village of Birth,Q_2909
Family Information,Sec_familyInformation,Parent 2,SubSec_parent2,Date of Birth,Q_1246,FALSE,links,FALSE,Family Information,Sec_familyInformationForBeneficiary,Parent 2,SubSec_parent2ForBeneficiary,Date of Birth,Q_2910
Family Information,Sec_familyInformation,Parent 2,SubSec_parent2,Current City/Town/Village of Residence,Q_1247,FALSE,links,FALSE,Family Information,Sec_familyInformationForBeneficiary,Parent 2,SubSec_parent2ForBeneficiary,Current City/Town/Village of Residence,Q_2911
Family Information,Sec_familyInformation,Parent 2,SubSec_parent2,Current Country of Residence,Q_1248,FALSE,links,FALSE,Family Information,Sec_familyInformationForBeneficiary,Parent 2,SubSec_parent2ForBeneficiary,Current Country of Residence,Q_2912
,,,,,,,,,,,,,,
Family Information,Sec_familyInformation,Children Information,SubSec_childrenInformation,Do you have any children under 18 years of age?,Q_1250,FALSE,links,FALSE,Family Information,Sec_familyInformationForBeneficiary,Children Information,SubSec_childrenInformationForBeneficiary,Do you have any children?,Q_2741
Family Information,Sec_familyInformation,Children Information,SubSec_childrenInformation,Given Name (First name),Q_1251,TRUE,links,TRUE,Family Information,Sec_familyInformationForBeneficiary,Children Information,SubSec_childrenInformationForBeneficiary,Child's Given Name (First name),Q_2743
Family Information,Sec_familyInformation,Children Information,SubSec_childrenInformation,Middle Name (Do Not Abbreviate),Q_1252,TRUE,links,TRUE,Family Information,Sec_familyInformationForBeneficiary,Children Information,SubSec_childrenInformationForBeneficiary,Child's Middle Name (Do Not Abbreviate),Q_2746
Family Information,Sec_familyInformation,Children Information,SubSec_childrenInformation,Family Name/Last Name/Surname,Q_1253,TRUE,links,TRUE,Family Information,Sec_familyInformationForBeneficiary,Children Information,SubSec_childrenInformationForBeneficiary,Child's Family Name/Last Name/Surname,Q_2749
Family Information,Sec_familyInformation,Children Information,SubSec_childrenInformation,Gender,Q_1254,TRUE,links,TRUE,Family Information,Sec_familyInformationForBeneficiary,Children Information,SubSec_childrenInformationForBeneficiary,Gender,Q_2752
Family Information,Sec_familyInformation,Children Information,SubSec_childrenInformation,Country of Birth,Q_1255,TRUE,links,TRUE,Family Information,Sec_familyInformationForBeneficiary,Children Information,SubSec_childrenInformationForBeneficiary,Country of Birth,Q_2753
Family Information,Sec_familyInformation,Children Information,SubSec_childrenInformation,Date of Birth of Child #iterationIndex (Children under 18 only),Q_1256,TRUE,links,TRUE,Family Information,Sec_familyInformationForBeneficiary,Children Information,SubSec_childrenInformationForBeneficiary,Date of Birth,Q_2754
Family Information,Sec_familyInformation,Children Information,SubSec_childrenInformation,In what country is this child's physical address?,Q_1257,TRUE,links,TRUE,Family Information,Sec_familyInformationForBeneficiary,Children Information,SubSec_childrenInformationForBeneficiary,In what country does [insert this child's name] live?,Q_2764
Family Information,Sec_familyInformation,Children Information,SubSec_childrenInformation,Street Number and Name,Q_1258,TRUE,links,TRUE,Family Information,Sec_familyInformationForBeneficiary,Children Information,SubSec_childrenInformationForBeneficiary,What is [insert this child's name]'s Street Number and Name?,Q_2765
Family Information,Sec_familyInformation,Children Information,SubSec_childrenInformation,"Does your address have a secondary description (i.e. apartment, suite, or floor)?",Q_1259,TRUE,links,TRUE,Family Information,Sec_familyInformationForBeneficiary,Children Information,SubSec_childrenInformationForBeneficiary,"Does your address have a secondary description (i.e. apartment, suite, or floor)?",Q_2766
Family Information,Sec_familyInformation,Children Information,SubSec_childrenInformation,What is the secondary address description?,Q_1260,TRUE,links,TRUE,Family Information,Sec_familyInformationForBeneficiary,Children Information,SubSec_childrenInformationForBeneficiary,What is the secondary address description?,Q_2767
Family Information,Sec_familyInformation,Children Information,SubSec_childrenInformation,Apartment/Suite/Floor,Q_1261,TRUE,links,TRUE,Family Information,Sec_familyInformationForBeneficiary,Children Information,SubSec_childrenInformationForBeneficiary,Apartment/Suite/Floor,Q_2768
Family Information,Sec_familyInformation,Children Information,SubSec_childrenInformation,City/Town/Village,Q_1262,TRUE,links,TRUE,Family Information,Sec_familyInformationForBeneficiary,Children Information,SubSec_childrenInformationForBeneficiary,City/Town/Village,Q_2769
Family Information,Sec_familyInformation,Children Information,SubSec_childrenInformation,State,Q_1263,TRUE,links,TRUE,Family Information,Sec_familyInformationForBeneficiary,Children Information,SubSec_childrenInformationForBeneficiary,State,Q_2770
Family Information,Sec_familyInformation,Children Information,SubSec_childrenInformation,Province/State/Territory/Prefecture/Parish,Q_1264,TRUE,links,TRUE,Family Information,Sec_familyInformationForBeneficiary,Children Information,SubSec_childrenInformationForBeneficiary,Province/State/Territory/Prefecture/Parish,Q_2771
Family Information,Sec_familyInformation,Children Information,SubSec_childrenInformation,ZIP Code,Q_1265,TRUE,links,TRUE,Family Information,Sec_familyInformationForBeneficiary,Children Information,SubSec_childrenInformationForBeneficiary,ZIP Code,Q_2772
Family Information,Sec_familyInformation,Children Information,SubSec_childrenInformation,Postal Code,Q_1266,TRUE,links,TRUE,Family Information,Sec_familyInformationForBeneficiary,Children Information,SubSec_childrenInformationForBeneficiary,Postal Code,Q_2773
,,,,,,,,,,,,,,
,,,,,,,,,,,,,,
,,,,,,,,,,,,,,
,,,,,,,,,,,,,,
Income History,Sec_incomeHistory,Income History,SubSec_incomeHistory,What is your total annual income for the most recent tax year?,Q_134,FALSE,links,FALSE,Income History & Fees Paid,Sec_incomeHistoryAndFeesPaid,Income History,SubSec_incomeHistoryForBeneficiary,What is your total annual income for the most recent tax year?,Q_2501
Income History,Sec_incomeHistory,Income History,SubSec_incomeHistory,What is your total annual income for the 2nd most recent tax year?,Q_138,FALSE,links,FALSE,Income History & Fees Paid,Sec_incomeHistoryAndFeesPaid,Income History,SubSec_incomeHistoryForBeneficiary,What is your total annual income for the second most recent tax year?,Q_2502
Income History,Sec_incomeHistory,Income History,SubSec_incomeHistory,What is your total annual income for the 3rd most recent tax year?,Q_142,FALSE,links,FALSE,Income History & Fees Paid,Sec_incomeHistoryAndFeesPaid,Income History,SubSec_incomeHistoryForBeneficiary,What is your total annual income for the third most recent tax year?,Q_2503
,,,,,,,,,,,,,,
,,,,,,,,,,,,,,